<?xml version="1.0" encoding="UTF-8" ?>
<XMLDB PATH="mod/nanogong/db" VERSION="20100125" COMMENT="XMLDB file for Moodle mod/nanogong (First version generated by Anthony Burrow)"
    xmlns:xsi="http://www.w3.org/2001/XMLSchema-instance"
    xsi:noNamespaceSchemaLocation="../../../lib/xmldb/xmldb.xsd"
>
  <TABLES>
    <TABLE NAME="nanogong" COMMENT="NanoGong table for an NanoGong activity" NEXT="nanogong_message">
      <FIELDS>
        <FIELD NAME="id" TYPE="int" LENGTH="10" NOTNULL="true" UNSIGNED="true" SEQUENCE="true" ENUM="false" NEXT="name"/>
        <FIELD NAME="name" TYPE="char" LENGTH="255" NOTNULL="true" SEQUENCE="false" ENUM="false" PREVIOUS="id" NEXT="course"/>
        <FIELD NAME="course" TYPE="int" LENGTH="10" NOTNULL="true" UNSIGNED="true" DEFAULT="0" SEQUENCE="false" ENUM="false" PREVIOUS="name" NEXT="message"/>
        <FIELD NAME="message" TYPE="text" LENGTH="small" NOTNULL="true" SEQUENCE="false" ENUM="false" PREVIOUS="course" NEXT="color"/>
        <FIELD NAME="color" TYPE="char" LENGTH="7" NOTNULL="false" SEQUENCE="false" ENUM="false" PREVIOUS="message" NEXT="maxduration"/>
        <FIELD NAME="maxduration" TYPE="int" LENGTH="4" NOTNULL="true" UNSIGNED="true" DEFAULT="300" SEQUENCE="false" ENUM="false" PREVIOUS="color" NEXT="maxmessages"/>
        <FIELD NAME="maxmessages" TYPE="int" LENGTH="4" NOTNULL="true" UNSIGNED="true" DEFAULT="0" SEQUENCE="false" ENUM="false" PREVIOUS="maxduration" NEXT="maxscore"/>
        <FIELD NAME="maxscore" TYPE="int" LENGTH="4" NOTNULL="true" UNSIGNED="true" DEFAULT="100" SEQUENCE="false" ENUM="false" PREVIOUS="maxmessages" NEXT="allowguestaccess"/>
        <FIELD NAME="allowguestaccess" TYPE="int" LENGTH="1" NOTNULL="true" UNSIGNED="true" DEFAULT="0" SEQUENCE="false" ENUM="false" PREVIOUS="maxscore" NEXT="timecreated"/>
        <FIELD NAME="timecreated" TYPE="int" LENGTH="10" NOTNULL="true" UNSIGNED="true" DEFAULT="0" SEQUENCE="false" ENUM="false" PREVIOUS="allowguestaccess" NEXT="timemodified"/>
        <FIELD NAME="timemodified" TYPE="int" LENGTH="10" NOTNULL="true" UNSIGNED="true" DEFAULT="0" SEQUENCE="false" ENUM="false" PREVIOUS="timecreated"/>
      </FIELDS>
      <KEYS>
        <KEY NAME="primary" TYPE="primary" FIELDS="id" NEXT="id"/>
        <KEY NAME="id" TYPE="unique" FIELDS="id" PREVIOUS="primary"/>
      </KEYS>
    </TABLE>
    <TABLE NAME="nanogong_message" COMMENT="NanoGong messages in each NanoGong activity" PREVIOUS="nanogong">
      <FIELDS>
        <FIELD NAME="id" TYPE="int" LENGTH="10" NOTNULL="true" UNSIGNED="true" SEQUENCE="true" ENUM="false" NEXT="nanogongid"/>
        <FIELD NAME="nanogongid" TYPE="int" LENGTH="10" NOTNULL="true" UNSIGNED="true" DEFAULT="0" SEQUENCE="false" ENUM="false" PREVIOUS="id" NEXT="userid"/>
        <FIELD NAME="userid" TYPE="int" LENGTH="10" NOTNULL="true" UNSIGNED="true" DEFAULT="0" SEQUENCE="false" ENUM="false" PREVIOUS="nanogongid" NEXT="groupid"/>
        <FIELD NAME="groupid" TYPE="int" LENGTH="10" NOTNULL="true" UNSIGNED="true" DEFAULT="0" SEQUENCE="false" ENUM="false" PREVIOUS="userid" NEXT="title"/>
        <FIELD NAME="title" TYPE="char" LENGTH="255" NOTNULL="true" SEQUENCE="false" ENUM="false" PREVIOUS="groupid" NEXT="message"/>
        <FIELD NAME="message" TYPE="text" LENGTH="small" NOTNULL="true" SEQUENCE="false" ENUM="false" PREVIOUS="title" NEXT="path"/>
        <FIELD NAME="path" TYPE="text" LENGTH="small" NOTNULL="true" SEQUENCE="false" ENUM="false" PREVIOUS="message" NEXT="comments"/>
        <FIELD NAME="comments" TYPE="text" LENGTH="small" NOTNULL="true" SEQUENCE="false" ENUM="false" PREVIOUS="path" NEXT="commentedby"/>
        <FIELD NAME="commentedby" TYPE="int" LENGTH="10" NOTNULL="false" UNSIGNED="true" SEQUENCE="false" ENUM="false" PREVIOUS="comments" NEXT="score"/>
        <FIELD NAME="score" TYPE="int" LENGTH="4" NOTNULL="true" UNSIGNED="true" DEFAULT="0" SEQUENCE="false" ENUM="false" PREVIOUS="commentedby" NEXT="timestamp"/>
        <FIELD NAME="timestamp" TYPE="int" LENGTH="10" NOTNULL="true" UNSIGNED="true" DEFAULT="0" SEQUENCE="false" ENUM="false" PREVIOUS="score" NEXT="timeedited"/>
        <FIELD NAME="timeedited" TYPE="int" LENGTH="10" NOTNULL="false" UNSIGNED="true" SEQUENCE="false" ENUM="false" PREVIOUS="timestamp" NEXT="locked"/>
        <FIELD NAME="locked" TYPE="int" LENGTH="1" NOTNULL="true" UNSIGNED="true" DEFAULT="0" SEQUENCE="false" ENUM="false" PREVIOUS="timeedited"/>
      </FIELDS>
      <KEYS>
        <KEY NAME="primary" TYPE="primary" FIELDS="id" NEXT="id"/>
        <KEY NAME="id" TYPE="unique" FIELDS="id" PREVIOUS="primary"/>
      </KEYS>
      <INDEXES>
        <INDEX NAME="nanogongid" UNIQUE="false" FIELDS="nanogongid" NEXT="userid"/>
        <INDEX NAME="userid" UNIQUE="false" FIELDS="userid" PREVIOUS="nanogongid" NEXT="groupid"/>
        <INDEX NAME="groupid" UNIQUE="false" FIELDS="groupid" PREVIOUS="userid"/>
      </INDEXES>
    </TABLE>
  </TABLES>
</XMLDB>
