<?xml version="1.0" encoding="UTF-8"?>
<!--
*** GENERATED FROM project.xml - DO NOT EDIT  ***
***         EDIT ../build.xml INSTEAD         ***

For the purpose of easier reading the script
is divided into following sections:

  - initialization
  - compilation
  - jar
  - cleanup

-->
<project xmlns:j2seproject3="http://www.netbeans.org/ns/j2se-project/3" xmlns:j2seproject2="http://www.netbeans.org/ns/j2se-project/2" xmlns:j2seproject1="http://www.netbeans.org/ns/j2se-project/1" name="NanoGong-impl" default="default" basedir="..">
    <target name="default" depends="jar" description="Build the whole project."/>
    <!-- 
    ======================
    INITIALIZATION SECTION 
    ======================
    -->
    <target name="-pre-init">
        <!-- Empty placeholder for easier customization. -->
        <!-- You can override this target in the ../build.xml file. -->
    </target>
    <target name="-init-user" depends="-pre-init">
        <!-- The two properties below are usually overridden -->
        <!-- by the active platform. Just a fallback. -->
        <property value="1.4" name="default.javac.source"/>
        <property value="1.4" name="default.javac.target"/>
    </target>
    <target name="-init-project" depends="-pre-init,-init-user">
        <property file="nbproject/project.properties"/>
    </target>
    <target name="-do-init" depends="-pre-init,-init-user,-init-project,-init-macrodef-property">
        <available property="manifest.available" file="${manifest.file}"/>
        <condition property="manifest.available+main.class">
            <and>
                <isset property="manifest.available"/>
                <isset property="main.class"/>
                <not>
                    <equals trim="true" arg2="" arg1="${main.class}"/>
                </not>
            </and>
        </condition>
        <condition property="manifest.available+main.class+mkdist.available">
            <and>
                <istrue value="${manifest.available+main.class}"/>
                <isset property="libs.CopyLibs.classpath"/>
            </and>
        </condition>
        <condition property="have.sources">
            <or>
                <available file="${src.dir}"/>
            </or>
        </condition>
        <property value="" name="javac.compilerargs"/>
        <property value="${basedir}" name="work.dir"/>
        <condition property="no.deps">
            <and>
                <istrue value="${no.dependencies}"/>
            </and>
        </condition>
        <property value="false" name="javac.debug"/>
    </target>
    <target name="-post-init">
        <!-- Empty placeholder for easier customization. -->
        <!-- You can override this target in the ../build.xml file. -->
    </target>
    <target name="-init-check" depends="-pre-init,-init-user,-init-project,-do-init">
        <fail unless="src.dir">Must set src.dir</fail>
        <fail unless="build.dir">Must set build.dir</fail>
        <fail unless="dist.dir">Must set dist.dir</fail>
        <fail unless="build.classes.dir">Must set build.classes.dir</fail>
        <fail unless="build.classes.excludes">Must set build.classes.excludes</fail>
        <fail unless="dist.jar">Must set dist.jar</fail>
    </target>
    <target name="-init-macrodef-property">
        <macrodef name="property" uri="http://www.netbeans.org/ns/j2se-project/1">
            <attribute name="name"/>
            <attribute name="value"/>
            <sequential>
                <property value="${@{value}}" name="@{name}"/>
            </sequential>
        </macrodef>
    </target>
    <target name="-init-macrodef-javac">
        <macrodef name="javac" uri="http://www.netbeans.org/ns/j2se-project/3">
            <attribute name="srcdir" default="${src.dir}"/>
            <attribute name="destdir" default="${build.classes.dir}"/>
            <attribute name="classpath" default="${javac.classpath}"/>
            <attribute name="debug" default="${javac.debug}"/>
            <element name="customize" optional="true"/>
            <sequential>
                <javac srcdir="@{srcdir}" destdir="@{destdir}" debug="@{debug}" deprecation="${javac.deprecation}" source="${javac.source}" target="${javac.target}" includeantruntime="false">
                    <classpath>
                        <path path="@{classpath}"/>
                    </classpath>
                    <compilerarg line="${javac.compilerargs}"/>
                    <customize/>
                </javac>
            </sequential>
        </macrodef>
    </target>
    <target name="-init-presetdef-jar">
        <presetdef name="jar" uri="http://www.netbeans.org/ns/j2se-project/1">
            <jar compress="${jar.compress}" jarfile="${dist.jar}">
                <j2seproject1:fileset dir="${build.classes.dir}"/>
            </jar>
        </presetdef>
    </target>
    <target name="init" depends="-pre-init,-init-user,-init-project,-do-init,-post-init,-init-check,-init-macrodef-property,-init-macrodef-javac,-init-presetdef-jar"/>
    <!--
    ===================
    COMPILATION SECTION
    ===================
    -->
    <target name="-pre-pre-compile" depends="init">
        <mkdir dir="${build.classes.dir}"/>
    </target>
    <target name="-pre-compile">
        <!-- Empty placeholder for easier customization. -->
        <!-- You can override this target in the ../build.xml file. -->
    </target>
    <target name="-do-compile" depends="init,-pre-pre-compile,-pre-compile" if="have.sources">
        <j2seproject3:javac/>
        <copy todir="${build.classes.dir}">
            <fileset dir="${src.dir}" excludes="${build.classes.excludes}"/>
        </copy>
    </target>
    <target name="-post-compile">
        <!-- Empty placeholder for easier customization. -->
        <!-- You can override this target in the ../build.xml file. -->
    </target>
    <target name="compile" depends="init,-pre-pre-compile,-pre-compile,-do-compile,-post-compile" description="Compile project."/>
    <target name="-pre-compile-single">
        <!-- Empty placeholder for easier customization. -->
        <!-- You can override this target in the ../build.xml file. -->
    </target>
    <target name="-do-compile-single" depends="init,-pre-pre-compile">
        <fail unless="javac.includes">Must select some files in the IDE or set javac.includes</fail>
        <j2seproject3:javac>
            <customize>
                <patternset includes="${javac.includes}"/>
            </customize>
        </j2seproject3:javac>
    </target>
    <target name="-post-compile-single">
        <!-- Empty placeholder for easier customization. -->
        <!-- You can override this target in the ../build.xml file. -->
    </target>
    <target name="compile-single" depends="init,-pre-pre-compile,-pre-compile-single,-do-compile-single,-post-compile-single"/>
    <!--
    ====================
    JAR BUILDING SECTION
    ====================
    -->
    <target name="-pre-pre-jar" depends="init">
        <dirname file="${dist.jar}" property="dist.jar.dir"/>
        <mkdir dir="${dist.jar.dir}"/>
    </target>
    <target name="-pre-jar">
        <!-- Empty placeholder for easier customization. -->
        <!-- You can override this target in the ../build.xml file. -->
    </target>
    <target name="-do-jar-without-manifest" depends="init,compile,-pre-pre-jar,-pre-jar" unless="manifest.available">
        <j2seproject1:jar/>
    </target>
    <target name="-do-jar-with-manifest" depends="init,compile,-pre-pre-jar,-pre-jar" if="manifest.available" unless="manifest.available+main.class">
        <j2seproject1:jar manifest="${manifest.file}"/>
    </target>
    <target name="-post-jar">
        <!-- Empty placeholder for easier customization. -->
        <!-- You can override this target in the ../build.xml file. -->
    </target>
    <target name="jar" depends="init,compile,-pre-jar,-do-jar-with-manifest,-do-jar-without-manifest,-post-jar" description="Build JAR."/>
    <!--
    ===============
    CLEANUP SECTION
    ===============
    -->
    <target name="-do-clean" depends="init">
        <delete dir="${build.dir}"/>
        <delete dir="${dist.dir}"/>
    </target>
    <target name="-post-clean">
        <!-- Empty placeholder for easier customization. -->
        <!-- You can override this target in the ../build.xml file. -->
    </target>
    <target name="clean" depends="init,-do-clean,-post-clean" description="Clean build products."/>
</project>
